 Supreme Court of the United States,64069,Federal&nbsp;Appellate,"http://supremecourt.gov/",scotus,SCOTUS,1789-09-24,Unknown,Yes,2014-10-30T18:59
Court of Appeals for the First Circuit,35378,Federal&nbsp;Appellate,"http://www.ca1.uscourts.gov/",ca1,1st Cir.,1891-03-03,Unknown,Yes,2019-02-06T11:46
Court of Appeals for the Second Circuit,63070,Federal&nbsp;Appellate,"http://www.ca2.uscourts.gov/",ca2,2d Cir.,1891-03-03,Unknown,Yes,2019-02-06T11:47
Court of Appeals for the Third Circuit,72719,Federal&nbsp;Appellate,"http://www.ca3.uscourts.gov/",ca3,3rd Cir.,1891-03-03,Unknown,Yes,2019-02-06T11:47
Court of Appeals for the Fourth Circuit,132598,Federal&nbsp;Appellate,"http://www.ca4.uscourts.gov/",ca4,4th Cir.,1891-03-03,Unknown,Yes,2019-02-06T11:47
Court of Appeals for the Fifth Circuit,158313,Federal&nbsp;Appellate,"http://www.ca5.uscourts.gov/",ca5,5th Cir.,1891-03-03,Unknown,Yes,2019-02-06T11:47
Court of Appeals for the Sixth Circuit,76262,Federal&nbsp;Appellate,"http://www.ca6.uscourts.gov/",ca6,6th Cir.,1891-03-03,Unknown,Yes,2019-02-06T11:48
Court of Appeals for the Seventh Circuit,63678,Federal&nbsp;Appellate,"http://www.ca7.uscourts.gov/",ca7,7th Cir.,1891-03-03,Unknown,Yes,2019-02-06T11:48
Court of Appeals for the Eighth Circuit,76161,Federal&nbsp;Appellate,"http://www.ca8.uscourts.gov/",ca8,8th Cir.,1891-03-03,Unknown,Yes,2019-02-06T11:48
Court of Appeals for the Ninth Circuit,125426,Federal&nbsp;Appellate,"http://www.ca9.uscourts.gov/",ca9,9th Cir.,1891-03-03,Unknown,Yes,2019-02-06T11:48
Court of Appeals for the Tenth Circuit,54400,Federal&nbsp;Appellate,"http://www.ca10.uscourts.gov/",ca10,10th Cir.,1929-02-28,Unknown,Yes,2019-02-06T11:49
Court of Appeals for the Eleventh Circuit,74740,Federal&nbsp;Appellate,"http://www.ca11.uscourts.gov/",ca11,11th Cir.,1980-10-14,Unknown,Yes,2019-02-06T11:49
Court of Appeals for the D.C. Circuit,26140,Federal&nbsp;Appellate,"http://www.cadc.uscourts.gov/",cadc,D.C. Cir.,1893-02-09,Unknown,Yes,2019-02-06T11:49
Court of Appeals for the Federal Circuit,33380,Federal&nbsp;Appellate,"http://www.cafc.uscourts.gov/",cafc,Fed. Cir.,1982-04-02,Unknown,Yes,2019-02-06T11:50
United States Attorneys General,1342,Federal&nbsp;Special,"https://www.justice.gov/olc/opinions-main",ag,Op. Att’y Gen.,Unknown,Unknown,Yes,2017-01-27T14:35
United States Air Force Court of Criminal Appeals,1166,Federal&nbsp;Special,"http://afcca.law.af.mil/",afcca,A.F.C.C.A.,Unknown,Unknown,Yes,2014-09-18T18:41
Armed Services Board of Contract Appeals,2325,Federal&nbsp;Special,"http://www.asbca.mil/",asbca,A.S.B.C.A.,Unknown,Unknown,Yes,2014-09-18T18:15
Court of Appeals for the Armed Forces,1214,Federal&nbsp;Special,"http://www.armfor.uscourts.gov/",armfor,C.A.A.F.,1951-05-31,Unknown,Yes,2013-08-14T15:18
Army Court of Criminal Appeals,1664,Federal&nbsp;Special,"https://www.jagcnet.army.mil/ACCA",acca,A.C.C.A.,Unknown,Unknown,Yes,2015-01-08T16:24
United States Court of Claims,2196,Federal&nbsp;Special,"http://www.fjc.gov/history/home.nsf/page/courts_special_coc.html",cc,Ct. Cl.,1855-02-24,1992-10-29,Yes,2013-10-17T17:47
United States Court of Federal Claims,12608,Federal&nbsp;Special,"http://www.uscfc.uscourts.gov/",uscfc,Fed. Cl.,1982-04-02,Unknown,Yes,2019-02-06T11:45
Commerce Court,0,Federal&nbsp;Special,"http://www.fjc.gov/history/home.nsf/page/courts_special_com.html",com,Comm. Ct.,1910-01-01,1913-01-01,Yes,2013-08-14T15:19
Court of Customs and Patent Appeals,2776,Federal&nbsp;Special,"http://www.cafc.uscourts.gov/",ccpa,C.C.P.A.,1909-08-05,1982-04-02,Yes,2013-08-14T15:19
United States Customs Court,161,Federal&nbsp;Special,"http://www.fjc.gov/history/home.nsf/page/courts_special_cc_bib.html",cusc,Cust. Ct.,1926-01-01,1980-01-01,Yes,2014-06-18T17:34
United States Tax Court,12311,Federal&nbsp;Special,"http://www.ustaxcourt.gov/",tax,Tax Ct.,Unknown,Unknown,Yes,2013-08-14T15:20
United States Court of Military Commission Review,7,Federal&nbsp;Special,"http://www.mc.mil/cases/USCourtofMilitaryCommissionReview.aspx",mc,M.C.,Unknown,Unknown,Yes,2014-11-24T09:05
Merit Systems Protection Board,2590,Federal&nbsp;Special,"http://www.mspb.gov/",mspb,MSPB,Unknown,Unknown,Yes,2014-09-02T16:05
Navy-Marine Corps Court of Criminal Appeals,1648,Federal&nbsp;Special,"http://www.jag.navy.mil/",nmcca,N.M.C.C.A.,Unknown,Unknown,Yes,2014-09-18T18:48
United States Court of Appeals for Veterans Claims,985,Federal&nbsp;Special,"http://www.uscourts.cavc.gov/",cavc,Vet. App.,Unknown,Unknown,Yes,2013-08-14T15:20
Board of Veterans&#39; Appeals,3545,Federal&nbsp;Special,"http://www.index.va.gov/search/va/bva_search.jsp",bva,Board of Vet. App.,Unknown,Unknown,Yes,2014-09-18T18:06
Emergency Court of Appeals,97,Federal&nbsp;Special,"https://secure.wikimedia.org/wikipedia/en/wiki/Emergency_Court_of_Appeals",eca,Emer. Ct. App.,1942-01-30,1962-04-18,Yes,2013-08-14T15:20
Temporary Emergency Court of Appeals,0,Federal&nbsp;Special,"http://www.fjc.gov/history/home.nsf/page/courts_special_tecoa.html",tecoa,Temp. Emerg. Ct. App.,1971-12-01,1992-10-29,Yes,2013-08-14T15:20
Foreign Intelligence Surveillance Court of Review,2,Federal&nbsp;Special,"http://www.fisc.uscourts.gov/",fiscr,FISA Ct. Rev.,1978-10-25,Unknown,Yes,2014-05-27T08:58
Foreign Intelligence Surveillance Court,5,Federal&nbsp;Special,"http://www.fisc.uscourts.gov/",fisc,FISA Ct.,1978-10-25,Unknown,Yes,2014-05-27T08:58
Special Court under the Regional Rail Reorganization Act,40,Federal&nbsp;Special,"http://www.uscourts.gov/news/TheThirdBranch/96-11-01/Special_Railroad_Court_to_Close_Doors.aspx",reglrailreorgct,Regl. Rail Reorg. Act,1973-01-01,1996-03-01,Yes,2013-08-14T15:20
United States Court of International Trade,4490,Federal&nbsp;Special,"http://www.cit.uscourts.gov/",cit,Ct. Intl. Trade,Unknown,Unknown,Yes,2019-02-06T11:45
Bankruptcy Appellate Panel of the First Circuit,283,Federal&nbsp;Bankruptcy&nbsp;Panel,"http://www.bap1.uscourts.gov/",bap1,1st Cir. BAP,Unknown,Unknown,Yes,2013-10-24T18:27
Bankruptcy Appellate Panel of the Second Circuit,27,Federal&nbsp;Bankruptcy&nbsp;Panel,"http://www.bap2.uscourts.gov/",bap2,2d Cir. BAP,Unknown,Unknown,Yes,2013-10-24T18:28
Bankruptcy Appellate Panel of the Sixth Circuit,254,Federal&nbsp;Bankruptcy&nbsp;Panel,"http://www.bap6.uscourts.gov/",bap6,6th Cir. BAP,Unknown,Unknown,Yes,2013-10-24T18:28
United States Bankruptcy Appellate Panel for the Eighth Circuit,514,Federal&nbsp;Bankruptcy&nbsp;Panel,"http://www.ca8.uscourts.gov/bankruptcy-appellate-panel",bap8,8th Cir. BAP,Unknown,Unknown,Yes,2013-10-24T18:28
United States Bankruptcy Appellate Panel for the Ninth Circuit,2942,Federal&nbsp;Bankruptcy&nbsp;Panel,"http://www.ca9.uscourts.gov/bap/",bap9,9th Cir. BAP,Unknown,Unknown,Yes,2013-10-24T18:28
Bankruptcy Appellate Panel of the Tenth Circuit,437,Federal&nbsp;Bankruptcy&nbsp;Panel,"http://www.bap10.uscourts.gov/",bap10,10th Cir. BAP,Unknown,Unknown,Yes,2014-09-02T15:59
Bankruptcy Appellate Panel--D. Maine,2,Federal&nbsp;Bankruptcy&nbsp;Panel,"http://www.meb.uscourts.gov/",bapme,Me. BAP,Unknown,Unknown,Yes,2013-10-24T18:28
Bankruptcy Appellate Panel of Massachusetts,3,Federal&nbsp;Bankruptcy&nbsp;Panel,"http://www.uscourts.gov/",bapma,Mass. BAP,Unknown,Unknown,Yes,2013-10-24T18:28
United States Bankruptcy Court--M.D. Alabama,180,Federal&nbsp;Bankruptcy,"http://www.almb.uscourts.gov/",almb,Bankr. M.D. Ala.,Unknown,Unknown,Yes,2013-08-14T16:55
United States Bankruptcy Court--N.D. Alabama,459,Federal&nbsp;Bankruptcy,"http://www.alnb.uscourts.gov/",alnb,Bankr. N.D. Ala.,Unknown,Unknown,Yes,2013-08-14T18:21
United States Bankruptcy Court--S.D. Alabama,114,Federal&nbsp;Bankruptcy,"http://www.alsb.uscourts.gov/",alsb,Bankr. S.D. Ala.,Unknown,Unknown,Yes,2013-08-15T09:44
United States Bankruptcy Court--D. Alaska,51,Federal&nbsp;Bankruptcy,"http://www.akb.uscourts.gov/",akb,Bankr. D. Alaska,Unknown,Unknown,Yes,2013-08-14T17:32
United States Bankruptcy Court--D. Arizona,355,Federal&nbsp;Bankruptcy,"https://ecf.azb.uscourts.gov/",arb,Bankr. D. Ariz.,Unknown,Unknown,Yes,2013-08-14T22:40
United States Bankruptcy Court--E.D. Arkansas,520,Federal&nbsp;Bankruptcy,"http://www.arb.uscourts.gov/",areb,Bankr. E.D. Ark.,Unknown,Unknown,Yes,2013-08-14T22:23
United States Bankruptcy Court--W.D. Arkansas,241,Federal&nbsp;Bankruptcy,"http://www.arb.uscourts.gov/",arwb,Bankr. W.D. Ark.,Unknown,Unknown,Yes,2013-08-14T18:00
United States Bankruptcy Court--C.D. California,568,Federal&nbsp;Bankruptcy,"http://www.cacb.uscourts.gov/",cacb,Bankr. C.D. Cal.,Unknown,Unknown,Yes,2019-02-06T11:54
United States Bankruptcy Court--E.D. California,274,Federal&nbsp;Bankruptcy,"http://www.caeb.uscourts.gov/",caeb,Bankr. E.D. Cal.,Unknown,Unknown,Yes,2013-08-14T18:03
United States Bankruptcy Court--N.D. California,337,Federal&nbsp;Bankruptcy,"http://www.canb.uscourts.gov/",canb,Bankr. N.D. Cal.,Unknown,Unknown,Yes,2013-08-14T17:30
United States Bankruptcy Court--S.D. California,348,Federal&nbsp;Bankruptcy,"http://www.casb.uscourts.gov/",casb,Bankr. S.D. Cal.,Unknown,Unknown,Yes,2013-08-14T17:30
United States Bankruptcy Court--D. Colorado,744,Federal&nbsp;Bankruptcy,"http://www.cob.uscourts.gov/",cob,Bankr.D. Colo.,Unknown,Unknown,Yes,2013-08-14T17:23
United States Bankruptcy Court--D. Connecticut,822,Federal&nbsp;Bankruptcy,"http://www.ctb.uscourts.gov/",ctb,Bankr. D. Conn.,Unknown,Unknown,Yes,2013-08-14T17:24
United States Bankruptcy Court--D. Delaware,873,Federal&nbsp;Bankruptcy,"http://www.deb.uscourts.gov/",deb,Bankr. D. Del.,Unknown,Unknown,Yes,2013-08-15T09:45
United States Bankruptcy Court--District of Columbia,1,Federal&nbsp;Bankruptcy,"http://www.dcb.uscourts.gov/",dcb,Bankr. D.C.,Unknown,Unknown,Yes,2013-08-14T17:00
United States Bankruptcy Court--M.D. Florida,2870,Federal&nbsp;Bankruptcy,"http://www.flmb.uscourts.gov/",flmb,Bankr. M.D. Fla.,Unknown,Unknown,Yes,2013-08-14T17:05
United States Bankruptcy Court--N.D. Florida,266,Federal&nbsp;Bankruptcy,"http://www.flnb.uscourts.gov/",flnb,Bankr. N.D. Fla.,Unknown,Unknown,Yes,2013-08-14T17:44
United States Bankruptcy Court--S.D. Florida.,1632,Federal&nbsp;Bankruptcy,"http://www.flsb.uscourts.gov/",flsb,Bankr. S.D. Florida,Unknown,Unknown,Yes,2013-08-14T16:54
United States Bankruptcy Court--M.D. Georgia,463,Federal&nbsp;Bankruptcy,"http://www.gamb.uscourts.gov/",gamb,Bankr. M.D. Ga.,Unknown,Unknown,Yes,2013-08-14T22:53
United States Bankruptcy Court--N.D. Georgia,812,Federal&nbsp;Bankruptcy,"http://www.ganb.uscourts.gov/",ganb,Bankr. N.D. Ga.,Unknown,Unknown,Yes,2013-08-14T17:41
United States Bankruptcy Court--S.D. Georgia,361,Federal&nbsp;Bankruptcy,"http://www.gasb.uscourts.gov/",gasb,Bankr. S.D. Ga.,Unknown,Unknown,Yes,2013-08-14T16:32
United States Bankruptcy Court--D. Hawaii,163,Federal&nbsp;Bankruptcy,"http://www.hib.uscourts.gov/",hib,Bankr. D. Haw.,Unknown,Unknown,Yes,2013-08-15T09:30
United States Bankruptcy Court--D. Idaho,430,Federal&nbsp;Bankruptcy,"http://www.id.uscourts.gov/",idb,Bankr. D. Idaho,Unknown,Unknown,Yes,2013-08-14T18:15
United States Bankruptcy Court--C.D. Illinois,428,Federal&nbsp;Bankruptcy,"http://www.ilcb.uscourts.gov/",ilcb,Bankr. C.D. Ill.,Unknown,Unknown,Yes,2017-08-14T11:03
United States Bankruptcy Court--N.D. Illinois,1917,Federal&nbsp;Bankruptcy,"http://www.ilnb.uscourts.gov/",ilnb,Bankr. N.D. Ill.,Unknown,Unknown,Yes,2017-08-14T11:03
United States Bankruptcy Court--S.D. Illinois,220,Federal&nbsp;Bankruptcy,"http://www.ilsb.uscourts.gov/",ilsb,Bankr. S.D. Ill.,Unknown,Unknown,Yes,2013-08-15T09:06
United States Bankruptcy Court--N.D. Indiana,366,Federal&nbsp;Bankruptcy,"http://www.innb.uscourts.gov/",innb,Bankr. N.D. Ind.,Unknown,Unknown,Yes,2013-08-15T09:34
United States Bankruptcy Court--S.D. Indiana,170,Federal&nbsp;Bankruptcy,"http://www.insb.uscourts.gov/",insb,Bankr. S.D. Ind.,Unknown,Unknown,Yes,2013-08-15T09:19
United States Bankruptcy Court--N.D. Iowa,397,Federal&nbsp;Bankruptcy,"http://www.ianb.uscourts.gov/",ianb,Bankr. D. Iowa,Unknown,Unknown,Yes,2013-08-14T17:37
United States Bankruptcy Court--S.D. Iowa,138,Federal&nbsp;Bankruptcy,"http://www.iasb.uscourts.gov/",iasb,Bankr. S.D. Iowa,Unknown,Unknown,Yes,2013-08-14T18:01
United States Bankruptcy Court--D. Kansas,624,Federal&nbsp;Bankruptcy,"http://www.ksb.uscourts.gov/",ksb,Bankr. D. Kan.,Unknown,Unknown,Yes,2013-08-14T16:43
United States Bankruptcy Court--E.D. Kentucky,116,Federal&nbsp;Bankruptcy,"http://www.kyeb.uscourts.gov/",kyeb,Bankr. E.D. Ky.,Unknown,Unknown,Yes,2013-08-15T10:03
United States Bankruptcy Court--W.D. Kentucky,511,Federal&nbsp;Bankruptcy,"http://www.kywb.uscourts.gov/",kywb,Bankr. W.D. Ky.,Unknown,Unknown,Yes,2013-08-15T09:23
United States Bankruptcy Court--E.D. Louisiana,102,Federal&nbsp;Bankruptcy,"http://www.laeb.uscourts.gov/",laeb,Bankr. E.D. La.,Unknown,Unknown,Yes,2013-08-14T22:54
United States Bankruptcy Court--M.D. Louisiana,109,Federal&nbsp;Bankruptcy,"http://www.lamb.uscourts.gov/",lamb,Bankr. M.D. La.,Unknown,Unknown,Yes,2013-08-14T22:37
United States Bankruptcy Court--W.D. Louisiana,188,Federal&nbsp;Bankruptcy,"http://www.lawb.uscourts.gov/",lawb,Bankr. W.D. La.,Unknown,Unknown,Yes,2013-08-15T09:01
United States Bankruptcy Court--D. Maine,319,Federal&nbsp;Bankruptcy,"http://www.meb.uscourts.gov/",meb,Bankr. D. Me.,Unknown,Unknown,Yes,2017-08-14T11:04
United States Bankruptcy Court--D. Maryland,505,Federal&nbsp;Bankruptcy,"http://www.mdb.uscourts.gov/",mdb,Bankr. D. Md.,Unknown,Unknown,Yes,2013-08-14T18:06
United States Bankruptcy Court--D. Massachusetts,1502,Federal&nbsp;Bankruptcy,"http://www.mab.uscourts.gov/",mab,Bankr. D. Mass.,Unknown,Unknown,Yes,2013-08-14T16:41
United States Bankruptcy Court--E.D. Michigan,745,Federal&nbsp;Bankruptcy,"http://www.mieb.uscourts.gov/",mieb,Bankr. E.D. Mich.,Unknown,Unknown,Yes,2013-08-14T18:10
United States Bankruptcy Court--W.D. Michigan,404,Federal&nbsp;Bankruptcy,"http://www.miwb.uscourts.gov/",miwb,Bankr. W.D. Mich.,Unknown,Unknown,Yes,2013-08-14T17:48
United States Bankruptcy Court--D. Minnesota,688,Federal&nbsp;Bankruptcy,"http://www.mnb.uscourts.gov/",mnb,Bankr. D. Minn.,Unknown,Unknown,Yes,2013-08-14T17:13
United States Bankruptcy Court--N.D. Mississippi,172,Federal&nbsp;Bankruptcy,"http://www.msnb.uscourts.gov/",msnb,Bankr. N.D. Miss.,Unknown,Unknown,Yes,2013-08-15T09:22
United States Bankruptcy Court--S.D. Mississippi,98,Federal&nbsp;Bankruptcy,"http://www.mssb.uscourts.gov/",mssb,Bankr. S.D. Miss.,Unknown,Unknown,Yes,2013-08-15T09:05
United States Bankruptcy Court--E.D. Missouri,545,Federal&nbsp;Bankruptcy,"http://www.moeb.uscourts.gov/",moeb,Bankr. E.D. Mo.,Unknown,Unknown,Yes,2013-08-14T18:05
United States Bankruptcy Court--W.D. Missouri,1133,Federal&nbsp;Bankruptcy,"http://www.mow.uscourts.gov/bankruptcy/",mowb,Bankr. W.D. Mo.,Unknown,Unknown,Yes,2013-08-14T17:06
United States Bankruptcy Court--D. Montana,310,Federal&nbsp;Bankruptcy,"http://www.mtb.uscourts.gov/",mtb,Bankr. D. Mont.,Unknown,Unknown,Yes,2013-08-14T18:04
United States Bankruptcy Court--D. Nebraska,333,Federal&nbsp;Bankruptcy,"http://www.neb.uscourts.gov/",nebraskab,Bankr. D. Neb.,Unknown,Unknown,Yes,2019-08-23T21:10
United States Bankruptcy Court--D. Nevada,198,Federal&nbsp;Bankruptcy,"http://www.nvb.uscourts.gov/",nvb,Bankr. D. Nev.,Unknown,Unknown,Yes,2013-08-14T18:16
United States Bankruptcy Court--D. New Hampshire,408,Federal&nbsp;Bankruptcy,"http://www.nhb.uscourts.gov/",nhb,Bankr. D.N.H.,Unknown,Unknown,Yes,2013-08-14T17:07
United States Bankruptcy Court--D. New Jersey,635,Federal&nbsp;Bankruptcy,"http://www.njb.uscourts.gov/",njb,Bankr. D.N.J.,Unknown,Unknown,Yes,2013-08-14T17:15
United States Bankruptcy Court--D. New Mexico,312,Federal&nbsp;Bankruptcy,"http://www.nmb.uscourts.gov/",nmb,Bankr. D.N.M.,Unknown,Unknown,Yes,2013-08-14T17:14
United States Bankruptcy Court--E.D. New York,1063,Federal&nbsp;Bankruptcy,"http://www.nyeb.uscourts.gov/",nyeb,Bankr. E.D.N.Y.,Unknown,Unknown,Yes,2013-08-14T16:38
United States Bankruptcy Court--N.D. New York,355,Federal&nbsp;Bankruptcy,"http://www.nynb.uscourts.gov/",nynb,Bankr. N.D.N.Y.,Unknown,Unknown,Yes,2013-08-14T22:26
United States Bankruptcy Court--S.D. New York,2457,Federal&nbsp;Bankruptcy,"http://www.nysb.uscourts.gov/",nysb,Bankr. S.D.N.Y.,Unknown,Unknown,Yes,2013-08-14T16:39
United States Bankruptcy Court--W.D. New York,542,Federal&nbsp;Bankruptcy,"http://www.nywb.uscourts.gov/",nywb,Bankr. W.D.N.Y.,Unknown,Unknown,Yes,2013-08-14T17:26
United States Bankruptcy Court--E.D. North Carolina,245,Federal&nbsp;Bankruptcy,"https://ecf.nceb.uscourts.gov/",nceb,Bankr. E.D.N.C.,Unknown,Unknown,Yes,2013-08-15T09:17
United States Bankruptcy Court--M.D. North Carolina,191,Federal&nbsp;Bankruptcy,"http://www.ncmb.uscourts.gov/",ncmb,Bankr. M.D.N.C.,Unknown,Unknown,Yes,2013-08-14T17:10
United States Bankruptcy Court--W.D. North Carolina,84,Federal&nbsp;Bankruptcy,"http://www.ncwb.uscourts.gov/",ncwb,Bankr. W.D.N.C.,Unknown,Unknown,Yes,2013-08-15T09:47
United States Bankruptcy Court--D. North Dakota,297,Federal&nbsp;Bankruptcy,"http://www.ndd.uscourts.gov/",ndb,Bankr. D.N.D.,Unknown,Unknown,Yes,2017-08-14T11:04
United States Bankruptcy Court--N.D. Ohio,1780,Federal&nbsp;Bankruptcy,"http://www.ohnb.uscourts.gov/",ohnb,Bankr. N.D. Ohio,Unknown,Unknown,Yes,2013-08-14T17:20
United States Bankruptcy Court--S.D. Ohio,1631,Federal&nbsp;Bankruptcy,"http://www.ohsb.uscourts.gov/",ohsb,Bankr. S.D. Ohio,Unknown,Unknown,Yes,2013-08-14T17:43
United States Bankruptcy Court--E.D. Oklahoma,98,Federal&nbsp;Bankruptcy,"http://www.okeb.uscourts.gov/",okeb,Bankr. E.D. Okla.,Unknown,Unknown,Yes,2013-08-15T09:53
United States Bankruptcy Court--N.D. Oklahoma,288,Federal&nbsp;Bankruptcy,"http://www.oknb.uscourts.gov/",oknb,Bankr. N.D. Okla,Unknown,Unknown,Yes,2013-08-14T18:12
United States Bankruptcy Court--W.D. Oklahoma,268,Federal&nbsp;Bankruptcy,"http://www.okwb.uscourts.gov/",okwb,Bankr. W.D. Okla.,Unknown,Unknown,Yes,2013-08-14T22:18
United States Bankruptcy Court--D. Oregon,384,Federal&nbsp;Bankruptcy,"http://www.orb.uscourts.gov/",orb,Bankr. D. Or.,Unknown,Unknown,Yes,2013-08-14T18:13
United States Bankruptcy Court--E.D. Pennsylvania,2094,Federal&nbsp;Bankruptcy,"http://www.paeb.uscourts.gov/",paeb,Bankr. E.D. Pa.,Unknown,Unknown,Yes,2013-08-14T17:25
United States Bankruptcy Court--M.D. Pennsylvania,427,Federal&nbsp;Bankruptcy,"http://www.pamb.uscourts.gov/",pamb,Bankr. M.D. Penn.,Unknown,Unknown,Yes,2013-08-14T17:40
United States Bankruptcy Court--W.D. Pennsylvania,1057,Federal&nbsp;Bankruptcy,"http://www.pawb.uscourts.gov/",pawb,Bankr. W.D. Pa.,Unknown,Unknown,Yes,2013-08-14T17:11
United States Bankruptcy Court--D. Rhode Island,448,Federal&nbsp;Bankruptcy,"http://www.rib.uscourts.gov/",rib,Bankr. D.R.I.,Unknown,Unknown,Yes,2013-08-15T09:38
United States Bankruptcy Court--D. South Carolina,417,Federal&nbsp;Bankruptcy,"http://www.scb.uscourts.gov/",scb,Bankr. D.S.C.,Unknown,Unknown,Yes,2014-11-24T09:49
United States Bankruptcy Court--D. South Dakota,206,Federal&nbsp;Bankruptcy,"https://ecf.sdb.uscourts.gov/",sdb,Bankr. D.S.D.,Unknown,Unknown,Yes,2013-08-15T09:33
United States Bankruptcy Court--E.D. Tennessee,675,Federal&nbsp;Bankruptcy,"http://www.tneb.uscourts.gov/",tneb,Bankr. E.D. Tenn.,Unknown,Unknown,Yes,2013-08-14T18:07
United States Bankruptcy Court--M.D. Tennessee,388,Federal&nbsp;Bankruptcy,"http://www.tnmb.uscourts.gov/",tnmb,Bankr. M.D. Tenn.,Unknown,Unknown,Yes,2013-08-14T22:51
United States Bankruptcy Court--W.D. Tennessee,264,Federal&nbsp;Bankruptcy,"http://www.tnwb.uscourts.gov/",tnwb,Bankr. W.D. Tenn.,Unknown,Unknown,Yes,2013-08-14T22:47
United States Bankruptcy Court--D. Tennessee,0,Federal&nbsp;Bankruptcy,"http://www.fjc.gov/history/home.nsf/page/courts_district_tn_mp.html",tennesseeb,Bankr. D. Tenn.,1797-01-01,1801-01-01,Yes,2017-03-07T13:33
United States Bankruptcy Court--E.D. Texas,245,Federal&nbsp;Bankruptcy,"http://www.txeb.uscourts.gov/",txeb,Bankr. E.D. Tex.,Unknown,Unknown,Yes,2013-08-14T17:28
United States Bankruptcy Court--N.D. Texas,848,Federal&nbsp;Bankruptcy,"http://www.txnb.uscourts.gov/",txnb,Bankr. N.D. Tex.,Unknown,Unknown,Yes,2013-08-14T22:25
United States Bankruptcy Court--S.D. Texas,565,Federal&nbsp;Bankruptcy,"http://www.txs.uscourts.gov/bankruptcy/",txsb,Bankr. S.D. Tex.,Unknown,Unknown,Yes,2013-08-14T22:42
United States Bankruptcy Court--W.D. Texas,435,Federal&nbsp;Bankruptcy,"http://www.txwb.uscourts.gov/",txwb,Bankr. W.D. Tex.,Unknown,Unknown,Yes,2019-01-22T10:34
United States Bankruptcy Court--D. Utah,221,Federal&nbsp;Bankruptcy,"http://www.utb.uscourts.gov/",utb,Bankr. D. Utah,Unknown,Unknown,Yes,2013-08-14T22:45
United States Bankruptcy Court--D. Vermont,343,Federal&nbsp;Bankruptcy,"http://www.vtb.uscourts.gov/",vtb,Bankr. D. Vt.,Unknown,Unknown,Yes,2013-08-14T22:43
United States Bankruptcy Court--E.D. Virginia,1113,Federal&nbsp;Bankruptcy,"https://www.vaeb.uscourts.gov/",vaeb,Bankr. E.D. Va.,Unknown,Unknown,Yes,2013-08-14T17:50
United States Bankruptcy Court--W.D. Virginia,416,Federal&nbsp;Bankruptcy,"http://www.vawb.uscourts.gov/",vawb,Bankr. W.D. Va.,Unknown,Unknown,Yes,2013-08-14T17:29
United States Bankruptcy Court--E.D. Washington,53,Federal&nbsp;Bankruptcy,"http://www.waeb.uscourts.gov/",waeb,Bankr. E.D. Wash.,Unknown,Unknown,Yes,2013-08-15T09:52
United States Bankruptcy Court--W.D. Washington,148,Federal&nbsp;Bankruptcy,"http://www.wawb.uscourts.gov/",wawb,Bankr. W.D. Wash.,Unknown,Unknown,Yes,2013-08-15T09:32
United States Bankruptcy Court--N.D. West Virginia,82,Federal&nbsp;Bankruptcy,"http://www.wvnd.uscourts.gov/",wvnb,Bankr. N.D.W. Va.,Unknown,Unknown,Yes,2019-01-22T10:34
United States Bankruptcy Court--S.D. West Virginia,41,Federal&nbsp;Bankruptcy,"http://www.wvsb.uscourts.gov/",wvsb,Bankr. S.D.W. Va.,Unknown,Unknown,Yes,2013-08-15T10:08
United States Bankruptcy Court--E.D. Wisconsin,388,Federal&nbsp;Bankruptcy,"http://www.wieb.uscourts.gov/",wieb,Bankr. E.D. Wis.,Unknown,Unknown,Yes,2013-08-14T16:59
United States Bankruptcy Court--W.D. Wisconsin,364,Federal&nbsp;Bankruptcy,"http://www.wiwb.uscourts.gov/",wiwb,Bankr. W.D. Wis.,Unknown,Unknown,Yes,2013-08-14T22:27
United States Bankruptcy Court--D. Wyoming,39,Federal&nbsp;Bankruptcy,"http://www.wyb.uscourts.gov/",wyb,Bankr. D. Wyo.,Unknown,Unknown,Yes,2013-08-15T10:09
United States Bankruptcy Court--D. Guam,2,Federal&nbsp;Bankruptcy,"https://en.wikipedia.org/wiki/District_Court_of_Guam",gub,Bankr. D. Guam,Unknown,Unknown,Yes,2013-08-15T11:08
United States Bankruptcy Court--Northern Mariana Islands,0,Federal&nbsp;Bankruptcy,"http://www.nmid.uscourts.gov/",nmib,Bankr. N. Mar. I.,Unknown,Unknown,Yes,2013-09-07T14:24
United States Bankruptcy Court--D. Puerto Rico,152,Federal&nbsp;Bankruptcy,"http://www.prb.uscourts.gov/",prb,Bankr. D.P.R.,Unknown,Unknown,Yes,2013-08-15T11:07
United States Bankruptcy Court--D. Virgin Islands,5,Federal&nbsp;Bankruptcy,"http://www.vid.uscourts.gov/",vib,Bankr. D.V.I.,Unknown,Unknown,Yes,2013-08-15T10:29
District Court--District of Columbia,30980,Federal&nbsp;District,"http://www.dcd.uscourts.gov/",dcd,D.D.C.,Unknown,Unknown,Yes,2018-09-16T20:44
District Court--D. Alabama,0,Federal&nbsp;District,,ald,D. Ala.,1820-04-21,1824-03-10,No,2018-05-25T14:40
District Court--M.D. Alabama,2266,Federal&nbsp;District,"http://www.almd.uscourts.gov/",almd,M.D. Ala.,Unknown,Unknown,Yes,2013-08-14T15:23
District Court--N.D. Alabama,1247,Federal&nbsp;District,"http://www.alnd.uscourts.gov/",alnd,N.D. Ala.,Unknown,Unknown,Yes,2013-08-14T22:35
District Court--S.D. Alabama,724,Federal&nbsp;District,"http://www.als.uscourts.gov/",alsd,S.D. Ala.,Unknown,Unknown,Yes,2013-10-22T08:47
District Court--D. Alaska,444,Federal&nbsp;District,"http://www.akd.uscourts.gov/",akd,D. Alaska,Unknown,Unknown,Yes,2013-08-15T10:49
District Court--D. Arizona,1286,Federal&nbsp;District,"http://www.azd.uscourts.gov/",azd,D. Ariz.,Unknown,Unknown,Yes,2013-08-14T15:23
District Court--E.D. Arkansas,1190,Federal&nbsp;District,"http://www.are.uscourts.gov/",ared,E.D. Ark.,Unknown,Unknown,Yes,2013-08-14T15:23
District Court--W.D. Arkansas,810,Federal&nbsp;District,"http://www.arwd.uscourts.gov/",arwd,W.D. Ark.,Unknown,Unknown,Yes,2013-10-22T08:48
District Court--D. California,8,Federal&nbsp;District,"http://www.uscourts.gov/",californiad,D. Cal.,1866-07-27,1886-08-05,Yes,2013-08-14T15:23
District Court--C.D. California,3246,Federal&nbsp;District,"http://www.cacd.uscourts.gov/",cacd,C.D. Cal.,Unknown,Unknown,Yes,2013-08-19T17:00
District Court--E.D. California,1258,Federal&nbsp;District,"http://www.caed.uscourts.gov/",caed,E.D. Cal.,Unknown,Unknown,Yes,2014-06-13T11:53
District Court--N.D. California,4669,Federal&nbsp;District,"http://www.cand.uscourts.gov/",cand,N.D. Cal.,Unknown,Unknown,Yes,2013-08-14T15:23
District Court--S.D. California,1725,Federal&nbsp;District,"http://www.casd.uscourts.gov/",casd,S.D. Cal.,Unknown,Unknown,Yes,2013-08-14T15:23
Circuit Court for California,0,Federal&nbsp;District,"http://www.fjc.gov/history/home.nsf/page/landmark_07.html",caca,C. Cal.,1804-10-01,1812-04-30,Yes,2018-05-25T14:40
District Court--D. Colorado,3237,Federal&nbsp;District,"http://www.cod.uscourts.gov/",cod,D. Colo.,Unknown,Unknown,Yes,2013-08-14T15:23
District Court--D. Connecticut,4495,Federal&nbsp;District,"http://www.ctd.uscourts.gov/",ctd,D. Conn.,Unknown,Unknown,Yes,2013-08-14T15:23
District Court--D. Delaware,3748,Federal&nbsp;District,"http://www.ded.uscourts.gov/",ded,D. Del.,Unknown,Unknown,Yes,2013-08-14T15:23
U.S. Circuit Court for the District of Delaware,0,Federal&nbsp;District,"http://www.fjc.gov/history/home.nsf/page/courts_circuit_de.html",circtdel,Cir. Ct. Del.,1789-09-24,1912-01-01,Yes,2016-06-29T10:11
District Court--D. Florida,0,Federal&nbsp;District,,fld,D. Fla.,1845-03-03,1847-02-23,No,2018-05-25T14:40
District Court--M.D. Florida,2998,Federal&nbsp;District,"http://www.flmd.uscourts.gov/",flmd,M.D. Fla.,Unknown,Unknown,Yes,2013-08-15T09:43
District Court--N.D. Florida,536,Federal&nbsp;District,"http://www.flnd.uscourts.gov/",flnd,N.D. Fla.,Unknown,Unknown,Yes,2013-08-15T09:43
District Court--S.D. Florida,4193,Federal&nbsp;District,"http://www.flsd.uscourts.gov/",flsd,S.D. Fla.,Unknown,Unknown,Yes,2013-08-14T15:23
District Court--D. Georgia,0,Federal&nbsp;District,,gad,D. Ga.,1789-09-24,1848-08-11,No,2018-05-25T14:41
District Court--M.D. Georgia,837,Federal&nbsp;District,"http://www.gamd.uscourts.gov/",gamd,M.D. Ga.,Unknown,Unknown,Yes,2018-05-25T14:42
District Court--N.D. Georgia,2814,Federal&nbsp;District,"http://www.gand.uscourts.gov/",gand,N.D. Ga.,Unknown,Unknown,Yes,2013-08-14T15:23
District Court--S.D. Georgia,771,Federal&nbsp;District,"http://www.gasd.uscourts.gov/",gasd,S.D. Ga.,Unknown,Unknown,Yes,2013-10-22T08:48
District Court--D. Hawaii,1321,Federal&nbsp;District,"http://www.hid.uscourts.gov/",hid,D. Haw.,Unknown,Unknown,Yes,2013-08-15T09:58
District Court--D. Idaho,430,Federal&nbsp;District,"http://www.id.uscourts.gov/",idd,D. Idaho,Unknown,Unknown,Yes,2013-08-14T15:23
District Court--C.D. Illinois,1029,Federal&nbsp;District,"http://www.ilcd.uscourts.gov/",ilcd,C.D. Ill.,Unknown,Unknown,Yes,2013-08-14T22:33
District Court--N.D. Illinois,12460,Federal&nbsp;District,"http://www.ilnd.uscourts.gov/",ilnd,N.D. Ill.,Unknown,Unknown,Yes,2013-08-14T15:23
District Court--S.D. Illinois,505,Federal&nbsp;District,"http://www.ilsd.uscourts.gov/",ilsd,S.D. Ill.,Unknown,Unknown,Yes,2013-08-14T15:23
District Court--E.D. Illinois,184,Federal&nbsp;District,"https://en.wikipedia.org/wiki/United_States_District_Court_for_the_Eastern_District_of_Illinois",illinoised,E.D. Ill.,1905-03-03,1978-10-02,Yes,2013-10-22T08:49
District Court--D. Illinois,1,Federal&nbsp;District,"http://www.uscourts.gov/",illinoisd,D. Ill.,1819-03-03,1855-02-13,Yes,2013-09-07T15:00
District Court--N.D. Indiana,1829,Federal&nbsp;District,"http://www.innd.uscourts.gov/",innd,N.D. Ind.,1928-04-21,Unknown,Yes,2017-04-21T14:42
District Court--S.D. Indiana,1387,Federal&nbsp;District,"http://www.insd.uscourts.gov/",insd,S.D. Ind.,1928-04-21,Unknown,Yes,2017-04-21T14:42
District Court--D. Indiana,3,Federal&nbsp;District,"http://www.insd.uscourts.gov/",indianad,D. Ind.,1817-03-03,1928-04-21,Yes,2013-08-14T15:23
District Court--D. Iowa,0,Federal&nbsp;District,,iad,D. Iowa,Unknown,1882-07-20,No,2018-05-25T14:42
District Court--N.D. Iowa,1230,Federal&nbsp;District,"http://www.iand.uscourts.gov/",iand,N.D. Iowa,Unknown,Unknown,Yes,2013-08-14T15:23
District Court--S.D. Iowa,1165,Federal&nbsp;District,"http://www.iasd.uscourts.gov/",iasd,S.D. Iowa,Unknown,Unknown,Yes,2013-10-22T08:49
District Court--D. Kansas,4748,Federal&nbsp;District,"http://www.ksd.uscourts.gov/",ksd,D. Kan.,Unknown,Unknown,Yes,2018-05-25T14:43
District Court--D. Kentucky,0,Federal&nbsp;District,,kyd,D. Ky.,1789-09-24,1901-02-12,No,2018-05-25T14:43
District Court--E.D. Kentucky,863,Federal&nbsp;District,"http://www.kyed.uscourts.gov/",kyed,E.D. Ky.,Unknown,Unknown,Yes,2013-10-22T08:49
District Court--W.D. Kentucky,1011,Federal&nbsp;District,"http://www.kywd.uscourts.gov/",kywd,W.D. Ky.,Unknown,Unknown,Yes,2013-08-14T15:23
District Court--D. Louisiana,0,Federal&nbsp;District,,lad,D. La.,1812-04-08,1881-03-03,No,2018-05-25T14:43
District Court--E.D. Louisiana.,2763,Federal&nbsp;District,"http://www.laed.uscourts.gov/",laed,E.D. La.,Unknown,Unknown,Yes,2013-08-14T15:23
District Court--M.D. Louisiana,706,Federal&nbsp;District,"http://www.lamd.uscourts.gov/",lamd,M.D. La.,Unknown,Unknown,Yes,2013-08-15T10:47
District Court--W.D. Louisiana,1223,Federal&nbsp;District,"http://www.lawd.uscourts.gov/",lawd,W.D. La.,Unknown,Unknown,Yes,2013-08-14T15:23
District Court--Orleans,0,Federal&nbsp;District,"https://en.wikipedia.org/wiki/United_States_District_Court_for_the_District_of_Orleans",orld,D. Orleans,1804-03-26,1812-04-08,Yes,2018-05-25T14:44
District Court--D. Maine,2505,Federal&nbsp;District,"http://www.med.uscourts.gov/",med,D. Me.,Unknown,Unknown,Yes,2013-08-14T15:23
District Court--D. Maryland,5001,Federal&nbsp;District,"https://www.mdd.uscourts.gov/",mdd,D. Maryland,Unknown,Unknown,Yes,2013-08-14T15:23
District Court--D. Massachusetts,7532,Federal&nbsp;District,"http://www.mad.uscourts.gov/",mad,D. Mass.,Unknown,Unknown,Yes,2013-08-14T15:23
District Court--D. Michigan,0,Federal&nbsp;District,,michd,D. Mich.,1836-07-01,1863-02-24,No,2018-05-25T14:44
District Court--E.D. Michigan,5436,Federal&nbsp;District,"http://www.mied.uscourts.gov/",mied,E.D. Mich.,Unknown,Unknown,Yes,2013-08-14T15:23
District Court--W.D. Michigan,1696,Federal&nbsp;District,"http://www.miwd.uscourts.gov/",miwd,W.D. Mich.,Unknown,Unknown,Yes,2018-05-25T14:45
District Court--D. Minnesota,3249,Federal&nbsp;District,"http://www.mnd.uscourts.gov/",mnd,D. Minnesota,Unknown,Unknown,Yes,2013-08-14T15:23
District Court--D. Mississippi,0,Federal&nbsp;District,,missd,D. Miss.,1818-04-03,1838-06-18,No,2018-05-25T14:46
District Court--N.D. Mississippi,942,Federal&nbsp;District,"http://www.msnd.uscourts.gov/",msnd,N.D. Miss.,Unknown,Unknown,Yes,2013-08-14T15:23
District Court--S.D. Mississippi,1696,Federal&nbsp;District,"http://www.mssd.uscourts.gov/",mssd,S.D. Miss.,Unknown,Unknown,Yes,2013-10-22T08:50
District Court--D. Missouri,0,Federal&nbsp;District,,mod,D. Mo.,1822-03-16,1857-03-03,No,2018-05-25T14:46
District Court--E.D. Missouri,2632,Federal&nbsp;District,"http://www.moed.uscourts.gov/",moed,E.D. Mo.,Unknown,Unknown,Yes,2013-10-22T08:53
District Court--W.D. Missouri,1957,Federal&nbsp;District,"http://www.mow.uscourts.gov/",mowd,W.D. Mo.,Unknown,Unknown,Yes,2013-08-14T15:23
District Court--D. Montana,816,Federal&nbsp;District,"http://www.mtd.uscourts.gov/",mtd,D. Mont.,Unknown,Unknown,Yes,2018-08-22T14:26
District Court--D. Nebraska,1165,Federal&nbsp;District,"http://www.ned.uscourts.gov/",ned,D. Neb.,Unknown,Unknown,Yes,2013-08-14T15:23
District Court--D. Nevada,1221,Federal&nbsp;District,"http://www.nvd.uscourts.gov/",nvd,D. Nev.,Unknown,Unknown,Yes,2018-08-22T14:27
District Court--D. New Hampshire,912,Federal&nbsp;District,"http://www.nhd.uscourts.gov/",nhd,D.N.H.,Unknown,Unknown,Yes,2013-08-14T15:23
District Court--D. New Jersey,4865,Federal&nbsp;District,"http://www.njd.uscourts.gov/",njd,D.N.J.,1789-09-24,Unknown,Yes,2018-04-24T17:07
District Court--D. New Mexico,1084,Federal&nbsp;District,"http://www.nmcourt.fed.us/web/DCDOCS/dcindex.html",nmd,D.N.M.,Unknown,Unknown,Yes,2013-08-14T15:23
District Court--D. New York,0,Federal&nbsp;District,,nyd,D. N.Y.,1789-09-24,1814-04-09,No,2018-05-25T14:45
District Court--E.D. New York,7792,Federal&nbsp;District,"http://www.nyed.uscourts.gov/",nyed,E.D.N.Y,Unknown,Unknown,Yes,2013-08-14T15:23
District Court--N.D. New York,2578,Federal&nbsp;District,"http://www.nynd.uscourts.gov/",nynd,N.D.N.Y.,Unknown,Unknown,Yes,2018-05-25T14:47
District Court--S.D. New York,26704,Federal&nbsp;District,"http://www.nysd.uscourts.gov/",nysd,S.D.N.Y.,Unknown,Unknown,Yes,2013-10-22T08:54
District Court--W.D. New York,2924,Federal&nbsp;District,"http://www.nywd.uscourts.gov/",nywd,W.D.N.Y.,Unknown,Unknown,Yes,2013-08-14T15:23
District Court--E.D. North Carolina,1076,Federal&nbsp;District,"http://www.nced.uscourts.gov/",nced,E.D.N.C.,Unknown,Unknown,Yes,2013-08-14T15:23
District Court--M.D. North Carolina,1083,Federal&nbsp;District,"http://www.ncmd.uscourts.gov/",ncmd,M.D.N.C.,Unknown,Unknown,Yes,2013-08-15T09:24
District Court--W.D. North Carolina,1061,Federal&nbsp;District,"http://www.ncwd.uscourts.gov/",ncwd,W.D.N.C.,Unknown,Unknown,Yes,2013-10-22T08:54
U.S. Circuit Court for the District of North Carolina,23,Federal&nbsp;District,"http://www.fjc.gov/history/home.nsf/page/courts_circuit_nc.html",circtnc,Cir. Ct. N.C.,1790-06-04,1912-01-01,Yes,2016-06-29T10:11
District Court--D. North Dakota,606,Federal&nbsp;District,"http://www.ndd.uscourts.gov/",ndd,D.N.D.,Unknown,Unknown,Yes,2013-08-15T09:04
District Court--D. North Carolina,0,Federal&nbsp;District,,ncd,D.N.C.,1790-06-04,1802-04-29,No,2018-05-25T14:47
District Court--N.D. Ohio,3293,Federal&nbsp;District,"http://www.ohnd.uscourts.gov/",ohnd,N.D. Ohio,Unknown,Unknown,Yes,2013-08-14T15:23
District Court--S.D. Ohio,2860,Federal&nbsp;District,"http://www.ohsd.uscourts.gov/",ohsd,S.D. Ohio,Unknown,Unknown,Yes,2013-08-14T15:23
District Court--D. Ohio,3,Federal&nbsp;District,"http://www.uscourts.gov/",ohiod,D. Ohio,1803-02-19,1855-02-10,Yes,2013-08-14T15:23
District Court--E.D. Oklahoma,174,Federal&nbsp;District,"http://www.oked.uscourts.gov/",oked,E.D. Okla.,Unknown,Unknown,Yes,2013-10-22T08:54
District Court--N.D. Oklahoma,485,Federal&nbsp;District,"http://www.oknd.uscourts.gov/",oknd,N.D. Okla.,Unknown,Unknown,Yes,2013-08-14T15:23
District Court--W.D. Oklahoma,1010,Federal&nbsp;District,"http://www.uscourts.gov/",okwd,W.D. Okla.,Unknown,Unknown,Yes,2013-08-14T15:23
District Court--D. Oregon,1859,Federal&nbsp;District,"http://www.ord.uscourts.gov/",ord,D. Or.,Unknown,Unknown,Yes,2013-08-14T15:23
District Court--E.D. Pennsylvania,10441,Federal&nbsp;District,"http://www.paed.uscourts.gov/",paed,E.D. Pa.,Unknown,Unknown,Yes,2013-08-14T15:23
District Court--M.D. Pennsylvania,2304,Federal&nbsp;District,"http://www.pamd.uscourts.gov/",pamd,M.D. Penn.,Unknown,Unknown,Yes,2013-10-22T08:25
District Court--W.D. Pennsylvania,3250,Federal&nbsp;District,"http://www.pawd.uscourts.gov/",pawd,W.D. Pa.,Unknown,Unknown,Yes,2013-08-14T15:23
District Court--D. Pennsylvania,0,Federal&nbsp;District,"http://www.uscourts.gov/",pennsylvaniad,D. Pa.,1789-09-24,1818-04-20,Yes,2017-03-16T11:49
District Court--D. Rhode Island,1556,Federal&nbsp;District,"http://www.rid.uscourts.gov/",rid,D.R.I.,Unknown,Unknown,Yes,2013-08-14T15:23
District Court--D. South Carolina,1473,Federal&nbsp;District,"http://www.scd.uscourts.gov/",scd,D.S.C.,Unknown,Unknown,Yes,2016-09-08T12:00
District Court--E.D. South Carolina,181,Federal&nbsp;District,"http://www.scd.uscourts.gov/",southcarolinaed,E.D.S.C.,1823-02-21,1965-10-07,Yes,2013-08-14T15:23
District Court--W.D. South Carolina,95,Federal&nbsp;District,"http://www.ncwd.uscourts.gov/",southcarolinawd,W.D.S.C.,1823-02-21,1965-10-07,Yes,2013-10-22T08:55
District Court--D. South Dakota,867,Federal&nbsp;District,"http://www.sdd.uscourts.gov/",sdd,D.S.D.,Unknown,Unknown,Yes,2013-08-14T15:23
District Court--E.D. Tennessee,1363,Federal&nbsp;District,"http://www.tned.uscourts.gov/",tned,E.D. Tenn.,Unknown,Unknown,Yes,2013-10-22T08:55
District Court--M.D. Tennessee,1147,Federal&nbsp;District,"http://www.tnmd.uscourts.gov/",tnmd,M.D. Tenn.,Unknown,Unknown,Yes,2013-10-22T08:25
District Court--W.D. Tennessee,892,Federal&nbsp;District,"http://www.tnwd.uscourts.gov/",tnwd,W.D. Tenn.,Unknown,Unknown,Yes,2013-10-22T08:56
District Court--D. Tennessee,3,Federal&nbsp;District,"http://www.uscourts.gov/",tennessed,D. Tenn.,1797-01-31,1839-06-18,Yes,2013-08-14T15:23
U.S. Circuit Court for the District of Tennessee,55,Federal&nbsp;District,"http://www.fjc.gov/history/home.nsf/page/courts_circuit_tn.html",circttenn,Cir. Ct. N.C.,1807-02-24,1912-01-01,Yes,2016-06-29T10:11
District Court--D. Texas,0,Federal&nbsp;District,,texd,D. Tex.,1845-12-29,1857-02-21,No,2018-05-25T14:47
District Court--E.D. Texas,1591,Federal&nbsp;District,"http://www.txed.uscourts.gov/",txed,E.D. Tex.,Unknown,Unknown,Yes,2013-08-14T15:23
District Court--N.D. Texas,2412,Federal&nbsp;District,"http://www.txnd.uscourts.gov/",txnd,N.D. Tex.,Unknown,Unknown,Yes,2013-08-14T15:23
District Court--S.D. Texas,3497,Federal&nbsp;District,"http://www.txs.uscourts.gov/",txsd,S.D. Tex.,Unknown,Unknown,Yes,2013-10-22T08:56
District Court--W.D. Texas,1283,Federal&nbsp;District,"http://www.txwd.uscourts.gov/",txwd,W.D. Tex.,Unknown,Unknown,Yes,2013-10-22T08:56
District Court--D. Utah,1237,Federal&nbsp;District,"http://www.utd.uscourts.gov/",utd,D. Utah,Unknown,Unknown,Yes,2016-09-08T12:00
District Court--D. Vermont,668,Federal&nbsp;District,"http://www.vtd.uscourts.gov/",vtd,D. Vt.,Unknown,Unknown,Yes,2013-08-14T22:50
District Court--D. Virginia,0,Federal&nbsp;District,,vad,D. Va.,1789-09-24,1819-02-04,No,2018-05-25T14:47
District Court--E.D. Virginia,4530,Federal&nbsp;District,"http://www.vaed.uscourts.gov/",vaed,E.D. Va.,Unknown,Unknown,Yes,2013-08-14T15:23
District Court--W.D. Virginia,2018,Federal&nbsp;District,"http://www.vawd.uscourts.gov/",vawd,W.D. Va.,Unknown,Unknown,Yes,2013-08-14T15:23
District Court--D. Washington,0,Federal&nbsp;District,,washd,D. Wash.,1890-04-05,1905-03-02,No,2018-05-25T14:48
District Court--E.D. Washington,437,Federal&nbsp;District,"http://www.waed.uscourts.gov/",waed,E.D. Wash.,1905-03-02,Unknown,Yes,2013-10-22T08:57
District Court--W.D. Washington,1146,Federal&nbsp;District,"http://www.wawd.uscourts.gov/",wawd,W.D. Wash.,1905-03-02,Unknown,Yes,2013-10-22T08:57
District Court--D. West Virginia,0,Federal&nbsp;District,,wvad,D. W.Va.,1864-06-11,1901-01-22,No,2018-05-25T14:48
District Court--N.D. West Virginia,466,Federal&nbsp;District,"http://www.wvnd.uscourts.gov/",wvnd,N.D.W. Va.,Unknown,Unknown,Yes,2013-10-22T08:57
District Court--S.D. West Virginia,1238,Federal&nbsp;District,"http://www.wvsd.uscourts.gov/",wvsd,S.D.W. Va,Unknown,Unknown,Yes,2017-03-16T11:51
District Court--D. Wisconsin,0,Federal&nbsp;District,,wisd,D. Wis.,1848-05-29,1870-06-30,No,2018-05-25T14:48
District Court--E.D. Wisconsin,2740,Federal&nbsp;District,"http://www.wied.uscourts.gov/",wied,E.D. Wis.,Unknown,Unknown,Yes,2019-04-11T15:21
District Court--W.D. Wisconsin,1181,Federal&nbsp;District,"http://www.wiwd.uscourts.gov/",wiwd,W.D. Wis.,Unknown,Unknown,Yes,2013-10-22T08:58
District Court--D. Wyoming,481,Federal&nbsp;District,"http://www.wyd.uscourts.gov/",wyd,D. Wyo.,Unknown,Unknown,Yes,2013-08-14T15:23
District Court--Canal Zone,26,Federal&nbsp;District,"https://en.wikipedia.org/wiki/United_States_District_Court_for_the_Canal_Zone",canalzoned,D.C.Z.,1937-07-26,1982-03-31,Yes,2013-08-19T19:04
District Court--D. Guam,38,Federal&nbsp;District,"http://www.gud.uscourts.gov/",gud,D. Guam,Unknown,Unknown,Yes,2013-08-19T17:14
District Court--Northern Mariana Islands,16,Federal&nbsp;District,"http://www.nmid.uscourts.gov/",nmid,N. Mar. I.,Unknown,Unknown,Yes,2013-08-15T12:41
District Court--D. Puerto Rico,4054,Federal&nbsp;District,"http://www.prd.uscourts.gov/",prd,D.P.R.,Unknown,Unknown,Yes,2013-08-15T10:00
District Court--Virgin Islands,656,Federal&nbsp;District,"http://www.vid.uscourts.gov/",vid,D.V.I.,Unknown,Unknown,Yes,2013-08-15T10:06
Supreme Court of Alabama,34623,State&nbsp;Supreme,"http://judicial.alabama.gov/supreme.cfm",ala,Ala.,1819-01-01,Unknown,Yes,2018-11-30T11:08
Alabama Court of Appeals,17610,State&nbsp;Appellate,"http://judicial.alabama.gov/",alactapp,Ala. Ct. App.,1911-01-01,1969-01-01,Yes,2013-10-16T12:06
Court of Criminal Appeals of Alabama,12242,State&nbsp;Appellate,"http://judicial.alabama.gov/criminal.cfm",alacrimapp,Ala. Crim. App.,1969-01-01,Unknown,Yes,2013-09-08T18:12
Court of Civil Appeals of Alabama,9710,State&nbsp;Appellate,"http://judicial.alabama.gov/civil.cfm",alacivapp,Ala. Civ. App.,1969-01-01,Unknown,Yes,2013-09-08T18:36
Alaska Supreme Court,6378,State&nbsp;Supreme,"http://courts.alaska.gov/sp.htm",alaska,Alaska,1959-01-03,Unknown,Yes,2013-08-14T09:46
Court of Appeals of Alaska,2186,State&nbsp;Appellate,"http://courts.alaska.gov/appcts.htm",alaskactapp,Alaska Ct. App.,1980-07-01,Unknown,Yes,2014-09-02T16:00
Arizona Supreme Court,9898,State&nbsp;Supreme,"http://www.azcourts.gov/azsupremecourt.aspx",ariz,Ariz.,1912-01-01,Unknown,Yes,2013-08-14T09:46
Court of Appeals of Arizona,15772,State&nbsp;Appellate,"http://www.azcourts.gov/AZCourts/CourtofAppeals.aspx‎",arizctapp,Ariz. Ct. App.,1965-01-01,Unknown,Yes,2013-10-16T11:58
Arizona Superior Court,0,State&nbsp;Trial,"http://www.azcourts.gov/AZ-Courts/Superior-Court",arizsuper,Ariz. Super. Ct.,Unknown,Unknown,No,2017-10-02T14:06
Arizona Tax Court,23,State&nbsp;Special,"http://www.superiorcourt.maricopa.gov/SuperiorCourt/TaxCourt/",ariztaxct,Ariz. T.C.,Unknown,Unknown,Yes,2013-08-14T15:42
Supreme Court of Arkansas,21699,State&nbsp;Supreme,"https://courts.arkansas.gov/courts/supreme-court",ark,Ark.,1841-01-01,Unknown,Yes,2013-09-08T18:32
Court of Appeals of Arkansas,5410,State&nbsp;Appellate,"https://courts.arkansas.gov/courts/court-of-appeals",arkctapp,Ark. Ct. App.,1979-08-08,Unknown,Yes,2013-09-09T10:36
Arkansas Workers&#39; Compensation Commission,0,State&nbsp;Special,"http://www.awcc.state.ar.us/",arkworkcompcom,Ark. Workers&#39; Comp.,Unknown,Unknown,Yes,2016-05-18T10:52
Arkansas Attorney General Reports,8456,State&nbsp;Attorney&nbsp;General,"http://www.arkansasag.gov/",arkag,Ark. Att&#39;y Gen.,Unknown,Unknown,Yes,2016-05-18T13:01
California Supreme Court,24184,State&nbsp;Supreme,"http://www.courts.ca.gov/supremecourt.htm",cal,Cal.,1849-01-01,Unknown,Yes,2013-08-14T09:46
California Court of Appeal,117259,State&nbsp;Appellate,"http://www.courts.ca.gov/courtsofappeal.htm",calctapp,Cal. Ct. App.,1905-04-10,Unknown,Yes,2014-05-23T08:31
Appellate Division of the Superior Court of California,0,State&nbsp;Appellate,"http://www.courts.ca.gov/12430.htm",calappdeptsuper,Cal. App. Dep’t Super. Ct.,Unknown,Unknown,Yes,2016-05-18T11:54
California Attorney General Reports,1183,State&nbsp;Attorney&nbsp;General,"https://oag.ca.gov/",calag,Cal. Att&#39;y Gen.,Unknown,Unknown,Yes,2016-05-18T13:03
Supreme Court of Colorado,15011,State&nbsp;Supreme,"http://www.coloradosupremecourt.com/",colo,Colo.,1876-08-01,Unknown,Yes,2014-07-11T13:49
Colorado Court of Appeals,10159,State&nbsp;Appellate,"http://www.courts.state.co.us/Courts/Court_Of_Appeals/",coloctapp,Colo. Ct. App.,1970-01-01,Unknown,Yes,2014-07-11T13:49
Colorado Industrial Claim Appeals Office,0,State&nbsp;Special,"https://www.colorado.gov/pacific/cdle/icao-wc",coloworkcompcom,Colo. Indus. Cl. App.,Unknown,Unknown,Yes,2016-05-18T11:04
Colorado Attorney General Reports,686,State&nbsp;Attorney&nbsp;General,"http://coag.gov/",coloag,Colo. Att&#39;y Gen.,Unknown,Unknown,Yes,2016-05-18T13:04
Supreme Court of Connecticut,15092,State&nbsp;Supreme,"http://www.jud.state.ct.us/external/supapp/",conn,Conn.,1784-01-01,Unknown,Yes,2014-07-17T14:35
Connecticut Appellate Court,5842,State&nbsp;Appellate,"http://www.jud.ct.gov/external/supapp/appellate.htm‎",connappct,Conn. App. Ct.,1983-10-04,Unknown,Yes,2014-07-17T14:35
Connecticut Superior Court,49128,State&nbsp;Appellate,"http://www.jud.ct.gov/external/super/‎",connsuperct,Conn. Super. Ct.,Unknown,Unknown,Yes,2013-10-16T15:03
Connecticut Compensation Review Board,0,State&nbsp;Special,"http://wcc.state.ct.us/crb/menus/crb-opin.htm",connworkcompcom,Conn. Comp. Rev. Bd.,Unknown,Unknown,Yes,2016-05-18T11:09
Supreme Court of Delaware,8926,State&nbsp;Supreme,"http://courts.delaware.gov/supreme/",del,Del.,1832-01-01,Unknown,Yes,2016-09-08T13:39
Court of Chancery of Delaware,2733,State&nbsp;Appellate,"http://courts.delaware.gov/chancery/",delch,Del. Ch.,Unknown,Unknown,Yes,2013-09-09T12:19
Superior Court of Delaware,5441,State&nbsp;Appellate,"http://courts.delaware.gov/Superior/",delsuperct,Del. Super. Ct.,Unknown,Unknown,Yes,2013-09-09T13:12
Delaware Court of Common Pleas,241,State&nbsp;Special,"http://courts.delaware.gov/commonpleas/",delctcompl,Del. Ct. Com. Pl.,Unknown,Unknown,Yes,2014-08-04T15:09
Delaware Family Court,88,State&nbsp;Special,"http://courts.delaware.gov/family/‎",delfamct,Del. Fm. Ct.,Unknown,Unknown,Yes,2013-10-16T14:32
Court on the Judiciary of Delaware.,5,State&nbsp;Special,"http://courts.delaware.gov/‎",deljudct,Ct. Jud. Del.,Unknown,Unknown,Yes,2013-10-29T23:19
District of Columbia Court of Appeals,13545,State&nbsp;Supreme,"http://www.dccourts.gov/internet/appellate/main.jsf",dc,D.C.,Unknown,Unknown,Yes,2013-10-16T11:54
Supreme Court of Florida,38768,State&nbsp;Supreme,"http://www.floridasupremecourt.org/",fla,Fla.,1845-01-01,Unknown,Yes,2014-08-01T09:49
District Court of Appeal of Florida,135799,State&nbsp;Appellate,"http://www.flcourts.org/courts/dca/dca.shtml",fladistctapp,Fla. Dist. Ct. App.,1957-01-01,Unknown,Yes,2014-08-01T09:49
Florida Attorney General Reports,3982,State&nbsp;Attorney&nbsp;General,"http://www.myfloridalegal.com/",flaag,Fla. Att&#39;y Gen.,Unknown,Unknown,Yes,2016-05-18T13:05
Supreme Court of Georgia,21157,State&nbsp;Supreme,"http://www.gasupreme.us/",ga,Ga.,1841-01-01,Unknown,Yes,2014-08-01T10:11
Court of Appeals of Georgia,60828,State&nbsp;Appellate,"http://www.gaappeals.us/",gactapp,Ga. Ct. App.,1906-11-06,Unknown,Yes,2016-06-29T11:08
Hawaii Supreme Court,7929,State&nbsp;Supreme,"http://www.courts.state.hi.us/",haw,Haw.,1840-10-08,Unknown,Yes,2013-08-14T09:46
Hawaii Intermediate Court of Appeals,7349,State&nbsp;Appellate,"http://www.courts.state.hi.us/",hawapp,Haw. App.,1979-11-06,Unknown,Yes,2013-08-14T15:42
Idaho Supreme Court,11440,State&nbsp;Supreme,"http://www.isc.idaho.gov/",idaho,Idaho,1863-01-01,Unknown,Yes,2013-08-14T09:46
Idaho Court of Appeals,7732,State&nbsp;Appellate,"http://www.isc.idaho.gov/",idahoctapp,Idaho Ct. App.,1982-01-04,Unknown,Yes,2013-08-14T15:42
Illinois Supreme Court,24824,State&nbsp;Supreme,"http://www.state.il.us/court/",ill,Ill.,1841-01-01,Unknown,Yes,2013-09-07T14:34
Appellate Court of Illinois,80420,State&nbsp;Appellate,"http://www.state.il.us/court/appellatecourt/",illappct,Ill. App. Ct.,1877-01-01,Unknown,Yes,2013-08-14T15:42
Indiana Supreme Court,17150,State&nbsp;Supreme,"http://www.in.gov/judiciary/supreme/",ind,Ind.,1816-01-01,Unknown,Yes,2013-08-14T09:46
Indiana Court of Appeals,48987,State&nbsp;Appellate,"http://www.in.gov/judiciary/appeals/",indctapp,Ind. Ct. App.,1891-01-01,Unknown,Yes,2016-09-08T13:33
Indiana Tax Court,665,State&nbsp;Special,"http://www.in.gov/judiciary/tax/",indtc,Ind. T.C.,Unknown,Unknown,Yes,2014-09-08T13:26
Supreme Court of Iowa,23359,State&nbsp;Supreme,"http://www.iowacourts.gov/supreme_court/",iowa,Iowa,1841-01-01,Unknown,Yes,2014-08-01T11:44
Court of Appeals of Iowa,12535,State&nbsp;Appellate,"http://www.iowacourts.gov/court_of_appeals/",iowactapp,Iowa Ct. App.,1976-07-01,Unknown,Yes,2014-08-01T11:44
Supreme Court of Kansas,11516,State&nbsp;Supreme,"http://www.kscourts.org/kansas-courts/supreme-court/",kan,Kan.,1854-01-01,Unknown,Yes,2014-08-01T12:03
Court of Appeals of Kansas,8438,State&nbsp;Appellate,"http://www.kscourts.org/kansas-courts/court-of-appeals/",kanctapp,Kan. Ct. App.,1977-01-10,Unknown,Yes,2014-08-01T12:03
Kansas Attorney General Reports,1193,State&nbsp;Attorney&nbsp;General,"http://ag.ks.gov/about-the-office/contact-us",kanag,Kan. Att&#39;y Gen.,Unknown,Unknown,Yes,2016-05-18T13:06
Kentucky Supreme Court,4415,State&nbsp;Supreme,"http://courts.ky.gov/courts/supreme/‎",ky,Ky.,1976-01-01,Unknown,Yes,2014-08-08T10:26
Court of Appeals of Kentucky,2125,State&nbsp;Appellate,"http://courts.ky.gov/courts/coa/Pages/coa.aspx",kyctapp,Ky. Ct. App.,1976-01-01,Unknown,Yes,2013-09-09T09:45
Court of Appeals of Kentucky (pre-1976),21644,State&nbsp;Supreme,"http://courts.ky.gov/courts/coa/Pages/coa.aspx",kyctapphigh,Ky. Ct. App.,1792-01-01,1975-12-31,Yes,2013-09-09T09:45
Supreme Court of Louisiana,35725,State&nbsp;Supreme,"http://www.lasc.org/",la,La.,1813-01-01,Unknown,Yes,2014-07-17T07:08
Louisiana Court of Appeal,54885,State&nbsp;Appellate,"http://louisiana.gov/Government/Judicial_Branch/#courtsofappeal",lactapp,La. Ct. App.,1879-01-01,Unknown,Yes,2013-10-16T11:52
Louisiana Attorney General Reports,7302,State&nbsp;Attorney&nbsp;General,"https://www.ag.state.la.us/",laag,La. Att&#39;y Gen.,Unknown,Unknown,Yes,2016-05-18T13:06
Supreme Judicial Court of Maine,8826,State&nbsp;Supreme,"http://www.courts.state.me.us/maine_courts/supreme/",me,Me.,1830-01-01,Unknown,Yes,2014-06-23T09:59
Court of Appeals of Maryland,22827,State&nbsp;Supreme,"http://www.courts.state.md.us/coappeals/",md,Md.,1841-01-01,Unknown,Yes,2014-06-27T13:56
Court of Special Appeals of Maryland,8603,State&nbsp;Appellate,"http://www.courts.state.md.us/cosappeals/",mdctspecapp,Md. Ct. Spec. App.,1967-01-01,Unknown,Yes,2014-06-27T13:56
Maryland Attorney General Reports,347,State&nbsp;Attorney&nbsp;General,"https://www.oag.state.md.us/",mdag,Md. Att&#39;y Gen.,Unknown,Unknown,Yes,2016-05-18T13:08
Massachusetts Supreme Judicial Court,9543,State&nbsp;Supreme,"http://www.mass.gov/courts/sjc/",mass,Mass.,1692-01-01,Unknown,Yes,2014-07-17T07:48
Massachusetts Appeals Court,3663,State&nbsp;Appellate,"http://www.mass.gov/courts/appealscourt/",massappct,Mass. App. Ct.,1972-10-06,Unknown,Yes,2014-07-17T07:49
Massachusetts Superior Court,0,State&nbsp;Appellate,"http://www.mass.gov/courts/court-info/trial-court/sc/",masssuperct,Mass. Super. Ct.,Unknown,Unknown,Yes,2016-04-21T11:46
Massachusetts District Court--0,State&nbsp;Appellate,"http://www.mass.gov/courts/court-info/trial-court/dc/",massdistct,Mass. Dist. Ct.,Unknown,Unknown,Yes,2016-04-21T11:46
Massachusetts Department of Industrial Accidents,0,State&nbsp;Special,"http://www.mass.gov/lwd/workers-compensation/",maworkcompcom,Mass. Dep&#39;t Indus. Accid.,Unknown,Unknown,Yes,2016-05-18T12:03
Michigan Supreme Court,54163,State&nbsp;Supreme,"http://courts.mi.gov/",mich,Mich.,1837-01-01,Unknown,Yes,2013-08-14T09:46
Michigan Court of Appeals,34103,State&nbsp;Appellate,"http://courts.mi.gov/courts/coa/pages/default.aspx",michctapp,Mich. Ct. App.,1964-01-01,Unknown,Yes,2013-09-08T17:56
Supreme Court of Minnesota,22077,State&nbsp;Supreme,"http://www.mncourts.gov/?page=550",minn,Minn.,1858-05-24,Unknown,Yes,2014-07-11T13:23
Court of Appeals of Minnesota,13310,State&nbsp;Appellate,"http://www.mncourts.gov/?page=551",minnctapp,Minn. Ct. App.,1983-11-01,Unknown,Yes,2016-09-08T13:39
Minnesota Attorney General Reports,63,State&nbsp;Attorney&nbsp;General,"http://www.ag.state.mn.us/office/opinions/DATE.asp",minnag,Minn. Att&#39;y Gen.,Unknown,Unknown,Yes,2017-02-01T09:56
Mississippi Supreme Court,27343,State&nbsp;Supreme,"http://courts.ms.gov/appellate_courts/sc/sc.html",miss,Miss.,1841-01-01,Unknown,Yes,2013-08-14T09:46
Court of Appeals of Mississippi,7323,State&nbsp;Appellate,"http://courts.ms.gov/appellate_courts/coa/coa.html",missctapp,Miss. Ct. App.,1995-01-01,Unknown,Yes,2013-09-08T23:27
Supreme Court of Missouri,19560,State&nbsp;Supreme,"http://www.courts.mo.gov/page.jsp?id=27",mo,Mo.,1821-01-01,Unknown,Yes,2013-09-08T19:00
Missouri Court of Appeals,35091,State&nbsp;Appellate,"http://www.courts.mo.gov/page.jsp?id=261",moctapp,Mo. Ct. App.,1820-01-01,Unknown,Yes,2013-09-08T17:58
Missouri Attorney General Reports,2561,State&nbsp;Attorney&nbsp;General,"https://www.ago.mo.gov/",moag,Mo. Att&#39;y Gen.,Unknown,Unknown,Yes,2016-05-18T13:09
Montana Supreme Court,22124,State&nbsp;Supreme,"http://courts.mt.gov/supreme/default.mcpx",mont,Mont.,1864-01-01,Unknown,Yes,2013-08-14T09:46
Montana Tax Appeal Board,2,State&nbsp;Special,"http://mtab.mt.gov/",monttc,Mont.T.A.B.,Unknown,Unknown,Yes,2016-06-29T11:20
Montana Attorney General Reports,0,State&nbsp;Attorney&nbsp;General,"https://dojmt.gov/",montag,Mont. Att&#39;y Gen.,Unknown,Unknown,Yes,2016-05-18T13:16
Nebraska Supreme Court,26566,State&nbsp;Supreme,"http://supremecourt.ne.gov/",neb,Neb.,1854-01-01,Unknown,Yes,2019-08-23T21:10
Nebraska Court of Appeals,3745,State&nbsp;Appellate,"http://supremecourt.ne.gov/",nebctapp,Neb. Ct. App.,1991-11-06,Unknown,Yes,2013-08-14T15:43
Nebraska Attorney General Reports,2615,State&nbsp;Attorney&nbsp;General,"https://ago.nebraska.gov/",nebag,Neb. Att&#39;y Gen.,Unknown,Unknown,Yes,2016-05-18T13:10
Nevada Supreme Court,21150,State&nbsp;Supreme,"http://www.nevadajudiciary.us/index.php/supremecourt",nev,Nev.,1864-01-01,Unknown,Yes,2013-08-14T09:46
Supreme Court of New Hampshire,11572,State&nbsp;Supreme,"http://www.courts.state.nh.us/supreme/",nh,N.H.,1776-01-01,Unknown,Yes,2014-07-02T13:37
Supreme Court of New Jersey,22773,State&nbsp;Supreme,"http://www.judiciary.state.nj.us/supreme/",nj,N.J.,1776-01-01,Unknown,Yes,2013-09-08T18:34
New Jersey Superior Court,28075,State&nbsp;Appellate,"http://www.judiciary.state.nj.us/appdiv/index.htm",njsuperctappdiv,N.J. Super. Ct. App. Div.,Unknown,Unknown,Yes,2013-09-08T18:18
New Jersey Tax Court,11,State&nbsp;Special,"http://www.judiciary.state.nj.us/taxcourt/‎",njtaxct,N.J. Tax Ct.,Unknown,Unknown,Yes,2013-10-16T14:42
New Jersey Court of Chancery,3309,State&nbsp;Appellate,"http://www.nj.gov/state/archives/catsjchance.html",njch,N.J. Ct. of Ch.,1684-01-01,1947-12-31,Yes,2016-06-18T13:01
New Mexico Supreme Court,10230,State&nbsp;Supreme,"https://nmsupremecourt.nmcourts.gov/index.php",nm,N.M.,1841-01-01,Unknown,Yes,2013-08-14T09:46
New Mexico Court of Appeals,11013,State&nbsp;Appellate,"https://coa.nmcourts.gov/index.php",nmctapp,N.M. Ct. App.,1966-04-01,Unknown,Yes,2013-08-14T15:43
New York Court of Appeals,74499,State&nbsp;Supreme,"http://www.nycourts.gov/ctapps/",ny,NY,1777-01-01,Unknown,Yes,2014-08-21T15:51
Appellate Division of the Supreme Court of the State of New York,52045,State&nbsp;Appellate,"http://www.courts.state.ny.us/courts/appellatedivisions.shtml‎",nyappdiv,N.Y. App. Div.,1896-01-01,Unknown,Yes,2014-08-08T12:52
Appellate Terms of the Supreme Court of New York,4749,State&nbsp;Appellate,"https://www.nycourts.gov/courts/1jd/supctmanh/appellate_term.shtml",nyappterm,N.Y. App. Term.,1896-01-01,Unknown,Yes,2015-10-29T12:29
New York Supreme Court,285,State&nbsp;Trial,"http://www.nycourts.gov/courts/cts-outside-nyc-SUPREME.shtml",nysupct,N.Y. Sup. Ct.,1896-01-01,Unknown,Yes,2015-10-29T12:44
New York Family Court,1,State&nbsp;Special,"http://www.courts.state.ny.us/courts/cts-outside-nyc-FAMILY.shtml",nyfamct,N.Y. Fam. Ct.,1962-09-01,Unknown,Yes,2013-10-23T11:03
New York Surrogate&#39;s Court,4,State&nbsp;Special,"https://en.wikipedia.org/wiki/New_York_Surrogate%27s_Court",nysurct,N.Y. Sur. Ct.,1896-01-01,Unknown,Yes,2015-10-29T11:12
Civil Court of the City of New York,0,State&nbsp;Special,"https://www.nycourts.gov/COURTS/nyc/civil/index.shtml",nycivct,N.Y. City Civ. Ct.,Unknown,Unknown,Yes,2016-05-18T12:12
Criminal Court of the City of New York,0,State&nbsp;Special,"https://www.nycourts.gov/courts/nyc/criminal/",nycrimct,N.Y. City Crim. Ct.,Unknown,Unknown,Yes,2016-05-18T12:14
New York Attorney General Reports,2704,State&nbsp;Attorney&nbsp;General,"http://www.ag.ny.gov/",nyag,N.Y. Att&#39;y Gen.,Unknown,Unknown,Yes,2016-05-18T13:10
Supreme Court of North Carolina,53160,State&nbsp;Supreme,"http://www.nccourts.org/courts/appellate/supreme/",nc,N.C.,1799-01-01,Unknown,Yes,2016-09-08T13:38
Court of Appeals of North Carolina,23999,State&nbsp;Appellate,"http://www.nccourts.org/courts/appellate/appeal/",ncctapp,N.C. Ct. App.,1968-01-01,Unknown,Yes,2014-09-08T13:26
Superior Court of North Carolina,984,State&nbsp;Appellate,"http://www.nccourts.org/Courts/Trial/Superior/",ncsuperct,Sup. Ct. N.C.,Unknown,Unknown,Yes,2016-05-18T12:06
North Carolina Industrial Commission,7926,State&nbsp;Special,"http://www.ic.nc.gov/",ncworkcompcom,N.C. Indus. Comm.,Unknown,Unknown,Yes,2016-05-18T12:09
North Dakota Supreme Court,14484,State&nbsp;Supreme,"http://www.ndcourts.gov/default.htm",nd,N.D.,1861-01-01,Unknown,Yes,2013-08-14T09:46
North Dakota Court of Appeals,65,State&nbsp;Appellate,"http://www.ndcourts.gov/default.htm",ndctapp,N.D. Ct. App.,1987-09-01,Unknown,Yes,2013-08-14T15:43
Ohio Supreme Court,9769,State&nbsp;Supreme,"http://www.supremecourt.ohio.gov/",ohio,Ohio,1841-01-01,Unknown,Yes,2013-08-15T13:09
Ohio Court of Appeals,131568,State&nbsp;Appellate,"http://www.supremecourt.ohio.gov/JudSystem/districtCourts/",ohioctapp,Ohio Ct. App.,1912-01-01,Unknown,Yes,2014-08-01T12:33
Ohio Court of Claims,1677,State&nbsp;Special,"http://www.cco.state.oh.us/",ohioctcl,Ohio Ct. Cl.,Unknown,Unknown,Yes,2014-08-01T12:47
Supreme Court of Oklahoma,39785,State&nbsp;Supreme,"http://www.oscn.net/oscn/schome/start.htm",okla,Okla.,1884-01-01,Unknown,Yes,2016-09-08T13:40
Court of Civil Appeals of Oklahoma,3320,State&nbsp;Appellate,"http://www.oscn.net/oscn/schome/civilappeals.htm",oklacivapp,Okla. Civ. App.,1968-01-01,Unknown,Yes,2014-07-11T13:30
Court of Criminal Appeals of Oklahoma,16690,State&nbsp;Appellate,"http://www.okcca.net/",oklacrimapp,Okla. Crim. App.,Unknown,Unknown,Yes,2014-07-11T13:30
Oklahoma Judicial Ethics Advisory Panel,31,State&nbsp;Special,"http://www.oscn.net/applications/oscn/index.asp?ftdb=STOKCSJE&amp;level=1",oklajeap,Okla. J.E.A.P.,Unknown,Unknown,Yes,2013-08-15T14:14
Court on the Judiciary of Oklahoma,3,State&nbsp;Special,"http://en.wikipedia.org/wiki/Oklahoma_Court_on_the_Judiciary",oklacoj,Okla. C.O.J.,Unknown,Unknown,Yes,2013-09-07T13:16
Oklahoma Attorney General Reports,11313,State&nbsp;Special,"http://www.oscn.net/applications/oscn/Index.asp?ftdb=STOKAG&amp;level=1",oklaag,Okla. Att’y Gen.,Unknown,Unknown,Yes,2014-07-11T13:44
Oregon Supreme Court,17712,State&nbsp;Supreme,"http://www.publications.ojd.state.or.us/Pages/OpinionsSC.aspx",or,Or.,1841-01-01,Unknown,Yes,2013-08-14T09:46
Court of Appeals of Oregon,18687,State&nbsp;Appellate,"http://courts.oregon.gov/COA/",orctapp,Or. Ct. App.,1969-07-01,Unknown,Yes,2013-08-14T15:42
Oregon Tax Court,2609,State&nbsp;Special,"http://courts.oregon.gov/Tax/Pages/index.aspx",ortc,Or. T.C.,Unknown,Unknown,Yes,2016-05-18T12:29
Supreme Court of Pennsylvania,47188,State&nbsp;Supreme,"http://www.pacourts.us/courts/supreme-court/",pa,Pa.,1722-05-22,Unknown,Yes,2014-08-01T13:56
Superior Court of Pennsylvania,62837,State&nbsp;Appellate,"http://www.pacourts.us/courts/superior-court/",pasuperct,Pa. Super. Ct.,1895-01-01,Unknown,Yes,2014-08-01T13:56
Commonwealth Court of Pennsylvania,14745,State&nbsp;Appellate,"http://www.pacourts.us/courts/commonwealth-court/",pacommwct,Pa. Commw. Ct.,1968-01-01,Unknown,Yes,2016-05-17T16:45
Court of Judicial Discipline of Pennsylvania,75,State&nbsp;Special,"http://www.pacourts.us/courts/court-of-judicial-discipline‎",cjdpa,Ct. Jud. Disc. Pa,Unknown,Unknown,Yes,2013-10-29T23:08
Supreme Court of Rhode Island,17309,State&nbsp;Supreme,"http://www.courts.ri.gov/courts/supremecourt/default.aspx",ri,R.I.,1747-01-01,Unknown,Yes,2014-08-08T13:59
Superior Court of Rhode Island,3356,State&nbsp;Appellate,"https://www.courts.ri.gov/Courts/SuperiorCourt/Pages/default.aspx",risuperct,Sup. Ct. R.I.,Unknown,Unknown,Yes,2016-05-18T12:33
Supreme Court of South Carolina,21814,State&nbsp;Supreme,"http://www.judicial.state.sc.us/supreme/",sc,S.C.,1841-01-01,Unknown,Yes,2013-09-08T23:22
Court of Appeals of South Carolina,3874,State&nbsp;Appellate,"http://www.judicial.state.sc.us/appeals/",scctapp,S.C. Ct. App.,1983-01-01,Unknown,Yes,2013-09-09T09:44
South Dakota Supreme Court,10240,State&nbsp;Supreme,"http://www.sdjudicial.com/",sd,S.D.,1889-01-01,Unknown,Yes,2013-08-14T09:46
Tennessee Supreme Court,8699,State&nbsp;Supreme,"https://www.tncourts.gov/courts/supreme-court",tenn,Tenn.,1790-01-01,Unknown,Yes,2016-09-08T13:39
Court of Appeals of Tennessee,19971,State&nbsp;Appellate,"http://www.tncourts.gov/courts/court-appeals",tennctapp,Tenn. Ct. App.,1925-01-01,Unknown,Yes,2013-09-08T19:23
Court of Criminal Appeals of Tennessee,21326,State&nbsp;Appellate,"http://www.tsc.state.tn.us/courts/court-criminal-appeals",tenncrimapp,Tenn. Crim. App.,1925-01-01,Unknown,Yes,2013-09-09T09:30
Tennessee Superior Court for Law and Equity,453,State&nbsp;Appellate,"https://familysearch.org/wiki/en/Tennessee_Court_Records",tennsuperct,Tenn. Sup. Ct.,1796-01-01,1809-12-31,Yes,2016-06-18T13:01
Texas Supreme Court,18793,State&nbsp;Supreme,"http://www.supreme.courts.state.tx.us/",tex,Tex.,1840-01-01,Unknown,Yes,2014-08-08T10:27
Court of Appeals of Texas,391284,State&nbsp;Appellate,"http://www.courts.state.tx.us/courts/coa.asp",texapp,Tex. App.,1891-01-01,Unknown,Yes,2014-08-08T10:27
Court of Criminal Appeals of Texas,60666,State&nbsp;Appellate,"http://www.cca.courts.state.tx.us/",texcrimapp,Tex. Crim. App.,Unknown,Unknown,Yes,2015-09-02T11:29
Texas Special Court of Review,5,State&nbsp;Special,"http://www.scjc.state.tx.us/",texreview,Tex. Rev.,Unknown,Unknown,Yes,2013-10-30T00:11
Texas Judicial Panel on Multidistrict Litigation,31,State&nbsp;Appellate,"http://www.txcourts.gov/about-texas-courts/multi-district-litigation-panel.aspx",texjpml,Tex. J.P.M.L.,Unknown,Unknown,Yes,2016-06-18T13:01
Texas Attorney General Reports,22862,State&nbsp;Attorney&nbsp;General,"https://texasattorneygeneral.gov/",texag,Tex. Att&#39;y Gen.,Unknown,Unknown,Yes,2016-05-18T13:12
Utah Supreme Court,12436,State&nbsp;Supreme,"http://www.utcourts.gov/opinions/supopin/index.htm",utah,Utah,1850-01-01,Unknown,Yes,2013-08-14T09:46
Court of Appeals of Utah,3454,State&nbsp;Appellate,"http://www.utcourts.gov/courts/appell/",utahctapp,Utah Ct. App.,1987-01-17,Unknown,Yes,2013-08-14T15:42
Supreme Court of Vermont,9692,State&nbsp;Supreme,"http://www.vermontjudiciary.org/gtc/supreme/default.aspx",vt,Vt.,1778-01-01,Unknown,Yes,2013-09-09T10:24
Vermont Superior Court,2659,State&nbsp;Appellate,"https://www.vermontjudiciary.org/court-divisions",vtsuperct,Vt. Super. Ct.,Unknown,Unknown,Yes,2018-04-23T16:31
Supreme Court of Virginia,8403,State&nbsp;Supreme,"http://www.courts.state.va.us/courts/scv/",va,Va.,1779-01-01,Unknown,Yes,2013-09-09T10:23
Court of Appeals of Virginia,15067,State&nbsp;Appellate,"http://www.courts.state.va.us/courts/cav/",vactapp,Va. Ct. App.,1985-01-01,Unknown,Yes,2013-09-09T10:05
Washington Supreme Court,26850,State&nbsp;Supreme,"https://www.courts.wa.gov/appellate_trial_courts/SupremeCourt/",wash,Wash.,1889-01-01,Unknown,Yes,2013-08-14T09:46
Court of Appeals of Washington,24681,State&nbsp;Appellate,"https://www.courts.wa.gov/appellate_trial_courts/",washctapp,Wash. Ct. App.,1969-01-01,Unknown,Yes,2013-08-14T15:42
Washington Attorney General Reports,166,State&nbsp;Attorney&nbsp;General,"http://www.atg.wa.gov/",washag,Wash. Att&#39;y Gen.,Unknown,Unknown,Yes,2016-05-18T13:13
West Virginia Supreme Court,19265,State&nbsp;Supreme,"http://www.courtswv.gov/supreme-court/",wva,W. Va.,1863-01-01,Unknown,Yes,2013-08-14T09:46
Wisconsin Supreme Court,16222,State&nbsp;Supreme,"http://www.wicourts.gov/courts/supreme/index.htm",wis,Wis.,1836-01-01,Unknown,Yes,2013-08-14T09:46
Court of Appeals of Wisconsin,11625,State&nbsp;Appellate,"http://www.wicourts.gov/courts/appeals/",wisctapp,Wis. Ct. App.,1978-08-01,Unknown,Yes,2013-09-08T18:29
Wisconsin Attorney General Reports,1499,State&nbsp;Attorney&nbsp;General,"https://docs.legis.wisconsin.gov/misc/oag",wisag,Wis. Att&#39;y Gen.,Unknown,Unknown,Yes,2016-05-18T13:15
Wyoming Supreme Court,8599,State&nbsp;Supreme,"http://www.courts.state.wy.us/",wyo,Wyo.,1921-01-01,Unknown,Yes,2013-08-14T09:46
United States Judicial Conference Committee,5,Committee,"http://www.uscourts.gov/FederalCourts/JudicialConference/Committees.aspx",usjc,U.S.J.C.,Unknown,Unknown,Yes,2013-08-14T15:40
United States Judicial Panel on Multidistrict Litigation,1122,Federal&nbsp;Special,"http://www.jpml.uscourts.gov/",jpml,J.P.M.L.,Unknown,Unknown,Yes,2019-02-06T11:56
United States Special Tribunal of Texas,1,Committee,,sttex,Spec. Trib. of Tex.,Unknown,Unknown,Yes,2016-06-29T10:11
United States Special Tribunals of Pennsylvania,1,Committee,,stp,Spec. Trib. of Pa.,Unknown,Unknown,Yes,2016-06-29T14:17
Court of King&#39;s Bench,372,International,"https://en.wikipedia.org/wiki/Court_of_King%27s_Bench_(England)",kingsbench,King&#39;s Bench,1200-01-01,1873-12-31,Yes,2016-05-18T10:52